INSERT INTO city_info (city_name, state_name, country_name, population, fun_fact)
                  VALUES ('New York', NULL, 'United States', 343605, 'This is a fun fact about New York, United States.');
INSERT INTO city_info (city_name, state_name, country_name, population, fun_fact)
                  VALUES ('Los Angeles', NULL, 'United States', 275508, 'This is a fun fact about Los Angeles, United States.');
INSERT INTO city_info (city_name, state_name, country_name, population, fun_fact)
                  VALUES ('Chicago', NULL, 'United States', 305549, 'This is a fun fact about Chicago, United States.');
INSERT INTO city_info (city_name, state_name, country_name, population, fun_fact)
                  VALUES ('Houston', NULL, 'United States', 602205, 'This is a fun fact about Houston, United States.');
INSERT INTO city_info (city_name, state_name, country_name, population, fun_fact)
                  VALUES ('Austin', NULL, 'United States', 598788, 'This is a fun fact about Austin, United States.');
INSERT INTO city_info (city_name, state_name, country_name, population, fun_fact)
                  VALUES ('San Francisco', NULL, 'United States', 646688, 'This is a fun fact about San Francisco, United States.');
INSERT INTO city_info (city_name, state_name, country_name, population, fun_fact)
                  VALUES ('Seattle', NULL, 'United States', 253696, 'This is a fun fact about Seattle, United States.');
INSERT INTO city_info (city_name, state_name, country_name, population, fun_fact)
                  VALUES ('Boston', NULL, 'United States', 281675, 'This is a fun fact about Boston, United States.');
INSERT INTO city_info (city_name, state_name, country_name, population, fun_fact)
                  VALUES ('Toronto', NULL, 'Canada', 455985, 'This is a fun fact about Toronto, Canada.');
INSERT INTO city_info (city_name, state_name, country_name, population, fun_fact)
                  VALUES ('Montreal', NULL, 'Canada', 772141, 'This is a fun fact about Montreal, Canada.');
INSERT INTO city_info (city_name, state_name, country_name, population, fun_fact)
                  VALUES ('Vancouver', NULL, 'Canada', 792110, 'This is a fun fact about Vancouver, Canada.');
INSERT INTO city_info (city_name, state_name, country_name, population, fun_fact)
                  VALUES ('Calgary', NULL, 'Canada', 721439, 'This is a fun fact about Calgary, Canada.');
INSERT INTO city_info (city_name, state_name, country_name, population, fun_fact)
                  VALUES ('Edmonton', NULL, 'Canada', 425711, 'This is a fun fact about Edmonton, Canada.');
INSERT INTO city_info (city_name, state_name, country_name, population, fun_fact)
                  VALUES ('Ottawa', NULL, 'Canada', 701425, 'This is a fun fact about Ottawa, Canada.');
INSERT INTO city_info (city_name, state_name, country_name, population, fun_fact)
                  VALUES ('Winnipeg', NULL, 'Canada', 727713, 'This is a fun fact about Winnipeg, Canada.');
INSERT INTO city_info (city_name, state_name, country_name, population, fun_fact)
                  VALUES ('Quebec City', NULL, 'Canada', 728733, 'This is a fun fact about Quebec City, Canada.');
INSERT INTO city_info (city_name, state_name, country_name, population, fun_fact)
                  VALUES ('Hamilton', NULL, 'Canada', 186301, 'This is a fun fact about Hamilton, Canada.');
INSERT INTO city_info (city_name, state_name, country_name, population, fun_fact)
                  VALUES ('London', NULL, 'Canada', 827795, 'This is a fun fact about London, Canada.');
INSERT INTO city_info (city_name, state_name, country_name, population, fun_fact)
                  VALUES ('Madrid', NULL, 'Spain', 764952, 'This is a fun fact about Madrid, Spain.');
INSERT INTO city_info (city_name, state_name, country_name, population, fun_fact)
                  VALUES ('Barcelona', NULL, 'Spain', 293760, 'This is a fun fact about Barcelona, Spain.');
INSERT INTO city_info (city_name, state_name, country_name, population, fun_fact)
                  VALUES ('Valencia', NULL, 'Spain', 171798, 'This is a fun fact about Valencia, Spain.');
INSERT INTO city_info (city_name, state_name, country_name, population, fun_fact)
                  VALUES ('Seville', NULL, 'Spain', 808855, 'This is a fun fact about Seville, Spain.');
INSERT INTO city_info (city_name, state_name, country_name, population, fun_fact)
                  VALUES ('Zaragoza', NULL, 'Spain', 535411, 'This is a fun fact about Zaragoza, Spain.');
INSERT INTO city_info (city_name, state_name, country_name, population, fun_fact)
                  VALUES ('Málaga', NULL, 'Spain', 846316, 'This is a fun fact about Málaga, Spain.');
INSERT INTO city_info (city_name, state_name, country_name, population, fun_fact)
                  VALUES ('Murcia', NULL, 'Spain', 940785, 'This is a fun fact about Murcia, Spain.');
INSERT INTO city_info (city_name, state_name, country_name, population, fun_fact)
                  VALUES ('Palma', NULL, 'Spain', 397232, 'This is a fun fact about Palma, Spain.');
INSERT INTO city_info (city_name, state_name, country_name, population, fun_fact)
                  VALUES ('Las Palmas', NULL, 'Spain', 612959, 'This is a fun fact about Las Palmas, Spain.');
INSERT INTO city_info (city_name, state_name, country_name, population, fun_fact)
                  VALUES ('Bilbao', NULL, 'Spain', 309582, 'This is a fun fact about Bilbao, Spain.');
INSERT INTO city_info (city_name, state_name, country_name, population, fun_fact)
                  VALUES ('Paris', NULL, 'France', 607368, 'This is a fun fact about Paris, France.');
INSERT INTO city_info (city_name, state_name, country_name, population, fun_fact)
                  VALUES ('Marseille', NULL, 'France', 757897, 'This is a fun fact about Marseille, France.');
INSERT INTO city_info (city_name, state_name, country_name, population, fun_fact)
                  VALUES ('Lyon', NULL, 'France', 508004, 'This is a fun fact about Lyon, France.');
INSERT INTO city_info (city_name, state_name, country_name, population, fun_fact)
                  VALUES ('Toulouse', NULL, 'France', 647880, 'This is a fun fact about Toulouse, France.');
INSERT INTO city_info (city_name, state_name, country_name, population, fun_fact)
                  VALUES ('Nice', NULL, 'France', 405878, 'This is a fun fact about Nice, France.');
INSERT INTO city_info (city_name, state_name, country_name, population, fun_fact)
                  VALUES ('Nantes', NULL, 'France', 576458, 'This is a fun fact about Nantes, France.');
INSERT INTO city_info (city_name, state_name, country_name, population, fun_fact)
                  VALUES ('Strasbourg', NULL, 'France', 203147, 'This is a fun fact about Strasbourg, France.');
INSERT INTO city_info (city_name, state_name, country_name, population, fun_fact)
                  VALUES ('Montpellier', NULL, 'France', 950877, 'This is a fun fact about Montpellier, France.');
INSERT INTO city_info (city_name, state_name, country_name, population, fun_fact)
                  VALUES ('Bordeaux', NULL, 'France', 278505, 'This is a fun fact about Bordeaux, France.');
INSERT INTO city_info (city_name, state_name, country_name, population, fun_fact)
                  VALUES ('Lille', NULL, 'France', 613946, 'This is a fun fact about Lille, France.');
INSERT INTO city_info (city_name, state_name, country_name, population, fun_fact)
                  VALUES ('Berlin', NULL, 'Germany', 146094, 'This is a fun fact about Berlin, Germany.');
INSERT INTO city_info (city_name, state_name, country_name, population, fun_fact)
                  VALUES ('Hamburg', NULL, 'Germany', 663376, 'This is a fun fact about Hamburg, Germany.');
INSERT INTO city_info (city_name, state_name, country_name, population, fun_fact)
                  VALUES ('Munich', NULL, 'Germany', 351623, 'This is a fun fact about Munich, Germany.');
INSERT INTO city_info (city_name, state_name, country_name, population, fun_fact)
                  VALUES ('Cologne', NULL, 'Germany', 380802, 'This is a fun fact about Cologne, Germany.');
INSERT INTO city_info (city_name, state_name, country_name, population, fun_fact)
                  VALUES ('Frankfurt', NULL, 'Germany', 839245, 'This is a fun fact about Frankfurt, Germany.');
INSERT INTO city_info (city_name, state_name, country_name, population, fun_fact)
                  VALUES ('Stuttgart', NULL, 'Germany', 771031, 'This is a fun fact about Stuttgart, Germany.');
INSERT INTO city_info (city_name, state_name, country_name, population, fun_fact)
                  VALUES ('Düsseldorf', NULL, 'Germany', 380449, 'This is a fun fact about Düsseldorf, Germany.');
INSERT INTO city_info (city_name, state_name, country_name, population, fun_fact)
                  VALUES ('Dortmund', NULL, 'Germany', 837912, 'This is a fun fact about Dortmund, Germany.');
INSERT INTO city_info (city_name, state_name, country_name, population, fun_fact)
                  VALUES ('Essen', NULL, 'Germany', 548147, 'This is a fun fact about Essen, Germany.');
INSERT INTO city_info (city_name, state_name, country_name, population, fun_fact)
                  VALUES ('Leipzig', NULL, 'Germany', 441910, 'This is a fun fact about Leipzig, Germany.');
INSERT INTO city_info (city_name, state_name, country_name, population, fun_fact)
                  VALUES ('Rome', NULL, 'Italy', 157532, 'This is a fun fact about Rome, Italy.');
INSERT INTO city_info (city_name, state_name, country_name, population, fun_fact)
                  VALUES ('Milan', NULL, 'Italy', 175327, 'This is a fun fact about Milan, Italy.');
INSERT INTO city_info (city_name, state_name, country_name, population, fun_fact)
                  VALUES ('Naples', NULL, 'Italy', 942029, 'This is a fun fact about Naples, Italy.');
INSERT INTO city_info (city_name, state_name, country_name, population, fun_fact)
                  VALUES ('Turin', NULL, 'Italy', 901223, 'This is a fun fact about Turin, Italy.');
INSERT INTO city_info (city_name, state_name, country_name, population, fun_fact)
                  VALUES ('Palermo', NULL, 'Italy', 262904, 'This is a fun fact about Palermo, Italy.');
INSERT INTO city_info (city_name, state_name, country_name, population, fun_fact)
                  VALUES ('Genoa', NULL, 'Italy', 887264, 'This is a fun fact about Genoa, Italy.');
INSERT INTO city_info (city_name, state_name, country_name, population, fun_fact)
                  VALUES ('Bologna', NULL, 'Italy', 681084, 'This is a fun fact about Bologna, Italy.');
INSERT INTO city_info (city_name, state_name, country_name, population, fun_fact)
                  VALUES ('Florence', NULL, 'Italy', 454880, 'This is a fun fact about Florence, Italy.');
INSERT INTO city_info (city_name, state_name, country_name, population, fun_fact)
                  VALUES ('Bari', NULL, 'Italy', 864356, 'This is a fun fact about Bari, Italy.');
INSERT INTO city_info (city_name, state_name, country_name, population, fun_fact)
                  VALUES ('Catania', NULL, 'Italy', 878250, 'This is a fun fact about Catania, Italy.');
INSERT INTO city_info (city_name, state_name, country_name, population, fun_fact)
                  VALUES ('London', NULL, 'United Kingdom', 729880, 'This is a fun fact about London, United Kingdom.');
INSERT INTO city_info (city_name, state_name, country_name, population, fun_fact)
                  VALUES ('Birmingham', NULL, 'United Kingdom', 761611, 'This is a fun fact about Birmingham, United Kingdom.');
INSERT INTO city_info (city_name, state_name, country_name, population, fun_fact)
                  VALUES ('Glasgow', NULL, 'United Kingdom', 715809, 'This is a fun fact about Glasgow, United Kingdom.');
INSERT INTO city_info (city_name, state_name, country_name, population, fun_fact)
                  VALUES ('Liverpool', NULL, 'United Kingdom', 380343, 'This is a fun fact about Liverpool, United Kingdom.');
INSERT INTO city_info (city_name, state_name, country_name, population, fun_fact)
                  VALUES ('Bristol', NULL, 'United Kingdom', 809951, 'This is a fun fact about Bristol, United Kingdom.');
INSERT INTO city_info (city_name, state_name, country_name, population, fun_fact)
                  VALUES ('Manchester', NULL, 'United Kingdom', 616201, 'This is a fun fact about Manchester, United Kingdom.');
INSERT INTO city_info (city_name, state_name, country_name, population, fun_fact)
                  VALUES ('Sheffield', NULL, 'United Kingdom', 335771, 'This is a fun fact about Sheffield, United Kingdom.');
INSERT INTO city_info (city_name, state_name, country_name, population, fun_fact)
                  VALUES ('Leeds', NULL, 'United Kingdom', 102455, 'This is a fun fact about Leeds, United Kingdom.');
INSERT INTO city_info (city_name, state_name, country_name, population, fun_fact)
                  VALUES ('Edinburgh', NULL, 'United Kingdom', 773586, 'This is a fun fact about Edinburgh, United Kingdom.');
INSERT INTO city_info (city_name, state_name, country_name, population, fun_fact)
                  VALUES ('Leicester', NULL, 'United Kingdom', 945817, 'This is a fun fact about Leicester, United Kingdom.');
INSERT INTO city_info (city_name, state_name, country_name, population, fun_fact)
                  VALUES ('Shanghai', NULL, 'China', 536180, 'This is a fun fact about Shanghai, China.');
INSERT INTO city_info (city_name, state_name, country_name, population, fun_fact)
                  VALUES ('Beijing', NULL, 'China', 410823, 'This is a fun fact about Beijing, China.');
INSERT INTO city_info (city_name, state_name, country_name, population, fun_fact)
                  VALUES ('Tianjin', NULL, 'China', 959242, 'This is a fun fact about Tianjin, China.');
INSERT INTO city_info (city_name, state_name, country_name, population, fun_fact)
                  VALUES ('Guangzhou', NULL, 'China', 622417, 'This is a fun fact about Guangzhou, China.');
INSERT INTO city_info (city_name, state_name, country_name, population, fun_fact)
                  VALUES ('Shenzhen', NULL, 'China', 278239, 'This is a fun fact about Shenzhen, China.');
INSERT INTO city_info (city_name, state_name, country_name, population, fun_fact)
                  VALUES ('Wuhan', NULL, 'China', 335536, 'This is a fun fact about Wuhan, China.');
INSERT INTO city_info (city_name, state_name, country_name, population, fun_fact)
                  VALUES ('Dongguan', NULL, 'China', 432862, 'This is a fun fact about Dongguan, China.');
INSERT INTO city_info (city_name, state_name, country_name, population, fun_fact)
                  VALUES ('Chongqing', NULL, 'China', 405081, 'This is a fun fact about Chongqing, China.');
INSERT INTO city_info (city_name, state_name, country_name, population, fun_fact)
                  VALUES ('Chengdu', NULL, 'China', 999874, 'This is a fun fact about Chengdu, China.');
INSERT INTO city_info (city_name, state_name, country_name, population, fun_fact)
                  VALUES ('Nanjing', NULL, 'China', 406571, 'This is a fun fact about Nanjing, China.');
INSERT INTO city_info (city_name, state_name, country_name, population, fun_fact)
                  VALUES ('Tokyo', NULL, 'Japan', 805444, 'This is a fun fact about Tokyo, Japan.');
INSERT INTO city_info (city_name, state_name, country_name, population, fun_fact)
                  VALUES ('Yokohama', NULL, 'Japan', 399970, 'This is a fun fact about Yokohama, Japan.');
INSERT INTO city_info (city_name, state_name, country_name, population, fun_fact)
                  VALUES ('Osaka', NULL, 'Japan', 142034, 'This is a fun fact about Osaka, Japan.');
INSERT INTO city_info (city_name, state_name, country_name, population, fun_fact)
                  VALUES ('Nagoya', NULL, 'Japan', 295598, 'This is a fun fact about Nagoya, Japan.');
INSERT INTO city_info (city_name, state_name, country_name, population, fun_fact)
                  VALUES ('Sapporo', NULL, 'Japan', 871617, 'This is a fun fact about Sapporo, Japan.');
INSERT INTO city_info (city_name, state_name, country_name, population, fun_fact)
                  VALUES ('Fukuoka', NULL, 'Japan', 971253, 'This is a fun fact about Fukuoka, Japan.');
INSERT INTO city_info (city_name, state_name, country_name, population, fun_fact)
                  VALUES ('Kobe', NULL, 'Japan', 833319, 'This is a fun fact about Kobe, Japan.');
INSERT INTO city_info (city_name, state_name, country_name, population, fun_fact)
                  VALUES ('Kyoto', NULL, 'Japan', 598342, 'This is a fun fact about Kyoto, Japan.');
INSERT INTO city_info (city_name, state_name, country_name, population, fun_fact)
                  VALUES ('Kawasaki', NULL, 'Japan', 838997, 'This is a fun fact about Kawasaki, Japan.');
INSERT INTO city_info (city_name, state_name, country_name, population, fun_fact)
                  VALUES ('Saitama', NULL, 'Japan', 667097, 'This is a fun fact about Saitama, Japan.');
INSERT INTO city_info (city_name, state_name, country_name, population, fun_fact)
                  VALUES ('Mexico City', NULL, 'Mexico', 732779, 'This is a fun fact about Mexico City, Mexico.');
INSERT INTO city_info (city_name, state_name, country_name, population, fun_fact)
                  VALUES ('Ecatepec', NULL, 'Mexico', 469417, 'This is a fun fact about Ecatepec, Mexico.');
INSERT INTO city_info (city_name, state_name, country_name, population, fun_fact)
                  VALUES ('Guadalajara', NULL, 'Mexico', 783422, 'This is a fun fact about Guadalajara, Mexico.');
INSERT INTO city_info (city_name, state_name, country_name, population, fun_fact)
                  VALUES ('Puebla', NULL, 'Mexico', 209691, 'This is a fun fact about Puebla, Mexico.');
INSERT INTO city_info (city_name, state_name, country_name, population, fun_fact)
                  VALUES ('Juárez', NULL, 'Mexico', 960159, 'This is a fun fact about Juárez, Mexico.');
INSERT INTO city_info (city_name, state_name, country_name, population, fun_fact)
                  VALUES ('Tijuana', NULL, 'Mexico', 982664, 'This is a fun fact about Tijuana, Mexico.');
INSERT INTO city_info (city_name, state_name, country_name, population, fun_fact)
                  VALUES ('León', NULL, 'Mexico', 404769, 'This is a fun fact about León, Mexico.');
INSERT INTO city_info (city_name, state_name, country_name, population, fun_fact)
                  VALUES ('Zapopan', NULL, 'Mexico', 169352, 'This is a fun fact about Zapopan, Mexico.');
INSERT INTO city_info (city_name, state_name, country_name, population, fun_fact)
                  VALUES ('Monterrey', NULL, 'Mexico', 155262, 'This is a fun fact about Monterrey, Mexico.');
INSERT INTO city_info (city_name, state_name, country_name, population, fun_fact)
                  VALUES ('Nezahualcóyotl', NULL, 'Mexico', 248379, 'This is a fun fact about Nezahualcóyotl, Mexico.');
INSERT INTO city_info (city_name, state_name, country_name, population, fun_fact)
                  VALUES ('São Paulo', NULL, 'Brazil', 871152, 'This is a fun fact about São Paulo, Brazil.');
INSERT INTO city_info (city_name, state_name, country_name, population, fun_fact)
                  VALUES ('Rio de Janeiro', NULL, 'Brazil', 273305, 'This is a fun fact about Rio de Janeiro, Brazil.');
INSERT INTO city_info (city_name, state_name, country_name, population, fun_fact)
                  VALUES ('Salvador', NULL, 'Brazil', 725200, 'This is a fun fact about Salvador, Brazil.');
INSERT INTO city_info (city_name, state_name, country_name, population, fun_fact)
                  VALUES ('Brasília', NULL, 'Brazil', 715716, 'This is a fun fact about Brasília, Brazil.');
INSERT INTO city_info (city_name, state_name, country_name, population, fun_fact)
                  VALUES ('Fortaleza', NULL, 'Brazil', 506433, 'This is a fun fact about Fortaleza, Brazil.');
INSERT INTO city_info (city_name, state_name, country_name, population, fun_fact)
                  VALUES ('Belo Horizonte', NULL, 'Brazil', 835361, 'This is a fun fact about Belo Horizonte, Brazil.');
INSERT INTO city_info (city_name, state_name, country_name, population, fun_fact)
                  VALUES ('Manaus', NULL, 'Brazil', 123563, 'This is a fun fact about Manaus, Brazil.');
INSERT INTO city_info (city_name, state_name, country_name, population, fun_fact)
                  VALUES ('Curitiba', NULL, 'Brazil', 252520, 'This is a fun fact about Curitiba, Brazil.');
INSERT INTO city_info (city_name, state_name, country_name, population, fun_fact)
                  VALUES ('Recife', NULL, 'Brazil', 509051, 'This is a fun fact about Recife, Brazil.');
INSERT INTO city_info (city_name, state_name, country_name, population, fun_fact)
                  VALUES ('Porto Alegre', NULL, 'Brazil', 232032, 'This is a fun fact about Porto Alegre, Brazil.');
INSERT INTO city_info (city_name, state_name, country_name, population, fun_fact)
                  VALUES ('Seoul', NULL, 'Korea', 503415, 'This is a fun fact about Seoul, Korea.');
INSERT INTO city_info (city_name, state_name, country_name, population, fun_fact)
                  VALUES ('Busan', NULL, 'Korea', 873055, 'This is a fun fact about Busan, Korea.');
INSERT INTO city_info (city_name, state_name, country_name, population, fun_fact)
                  VALUES ('Incheon', NULL, 'Korea', 695986, 'This is a fun fact about Incheon, Korea.');
INSERT INTO city_info (city_name, state_name, country_name, population, fun_fact)
                  VALUES ('Daegu', NULL, 'Korea', 899666, 'This is a fun fact about Daegu, Korea.');
INSERT INTO city_info (city_name, state_name, country_name, population, fun_fact)
                  VALUES ('Daejeon', NULL, 'Korea', 887694, 'This is a fun fact about Daejeon, Korea.');
INSERT INTO city_info (city_name, state_name, country_name, population, fun_fact)
                  VALUES ('Gwangju', NULL, 'Korea', 157303, 'This is a fun fact about Gwangju, Korea.');
INSERT INTO city_info (city_name, state_name, country_name, population, fun_fact)
                  VALUES ('Ulsan', NULL, 'Korea', 704690, 'This is a fun fact about Ulsan, Korea.');
INSERT INTO city_info (city_name, state_name, country_name, population, fun_fact)
                  VALUES ('Suwon', NULL, 'Korea', 610092, 'This is a fun fact about Suwon, Korea.');
INSERT INTO city_info (city_name, state_name, country_name, population, fun_fact)
                  VALUES ('Changwon', NULL, 'Korea', 133274, 'This is a fun fact about Changwon, Korea.');
INSERT INTO city_info (city_name, state_name, country_name, population, fun_fact)
                  VALUES ('Seongnam', NULL, 'Korea', 562479, 'This is a fun fact about Seongnam, Korea.');

INSERT INTO user_info (user_id, username, email, profile_pic, salt, password_hash) VALUES (1, 'JamesMoore389', 'JamesMoore389@gmail.com', 'random_file_path', '[H#d5O-K', 'a89b3c69097f15ff06d3ab0d8e484cda4f525c9173876ab4b6caed4897181be1');
INSERT INTO visits (visit_id, user_id, city_id, review_text, picture, rating, start_date, end_date, time_inputted)
        VALUES (1, 1, 77, 'I thought this place was very pleasant!', 'path/to/picture', 0.9, '2007-10-15', '2007-10-15', '2007-10-16 08:25:45');
INSERT INTO visits (visit_id, user_id, city_id, review_text, picture, rating, start_date, end_date, time_inputted)
        VALUES (2, 1, 100, 'I thought this place was very magnificent!', 'path/to/picture', 2.8, '2021-10-27', '2021-11-02', '2021-11-03 20:30:41');
INSERT INTO visits (visit_id, user_id, city_id, review_text, picture, rating, start_date, end_date, time_inputted)
        VALUES (3, 1, 109, 'I thought this place was very fabulous!', 'path/to/picture', 7.7, '2017-06-05', '2017-06-09', '2017-06-10 20:51:46');
INSERT INTO visits (visit_id, user_id, city_id, review_text, picture, rating, start_date, end_date, time_inputted)
        VALUES (4, 1, 102, 'I thought this place was very memorable!', 'path/to/picture', 5.5, '2009-01-03', '2009-01-10', '2009-01-11 19:21:37');
INSERT INTO visits (visit_id, user_id, city_id, review_text, picture, rating, start_date, end_date, time_inputted)
        VALUES (5, 1, 5, 'I thought this place was very mind-bending!', 'path/to/picture', 4.2, '2020-04-05', '2020-04-12', '2020-04-13 17:46:45');
INSERT INTO user_info (user_id, username, email, profile_pic, salt, password_hash) VALUES (2, 'EdwardBrown450', 'EdwardBrown450@gmail.com', 'random_file_path', '~ K>GKvc', '53f1aab809269801d440dc3495cebe30ec534315a8ffb40aa057a0c7017bc436');
INSERT INTO visits (visit_id, user_id, city_id, review_text, picture, rating, start_date, end_date, time_inputted)
        VALUES (6, 2, 112, 'I thought this place was very interesting!', 'path/to/picture', 5.4, '2016-01-04', '2016-01-05', '2016-01-06 23:52:45');
INSERT INTO visits (visit_id, user_id, city_id, review_text, picture, rating, start_date, end_date, time_inputted)
        VALUES (7, 2, 60, 'I thought this place was very superb!', 'path/to/picture', 1.0, '2007-12-22', '2007-12-26', '2007-12-27 02:41:07');
INSERT INTO visits (visit_id, user_id, city_id, review_text, picture, rating, start_date, end_date, time_inputted)
        VALUES (8, 2, 116, 'I thought this place was very exciting!', 'path/to/picture', 5.8, '2016-05-29', '2016-06-03', '2016-06-04 14:53:55');
INSERT INTO user_info (user_id, username, email, profile_pic, salt, password_hash) VALUES (3, 'HarrisonRamirez996', 'HarrisonRamirez996@gmail.com', 'random_file_path', 'GA 5CrE{', 'fde522e4aadd7cc0a4c6bde8e28b69307de8a647de432cb5a49c9cc5c38f4fe9');
INSERT INTO visits (visit_id, user_id, city_id, review_text, picture, rating, start_date, end_date, time_inputted)
        VALUES (9, 3, 88, 'I thought this place was very remarkable!', 'path/to/picture', 3.5, '2023-07-27', '2023-08-03', '2023-08-04 07:23:48');
INSERT INTO visits (visit_id, user_id, city_id, review_text, picture, rating, start_date, end_date, time_inputted)
        VALUES (10, 3, 76, 'I thought this place was very superb!', 'path/to/picture', 9.9, '2007-06-21', '2007-06-22', '2007-06-23 20:19:21');
INSERT INTO visits (visit_id, user_id, city_id, review_text, picture, rating, start_date, end_date, time_inputted)
        VALUES (11, 3, 60, 'I thought this place was very interesting!', 'path/to/picture', 8.4, '2001-08-18', '2001-08-20', '2001-08-21 11:36:36');
INSERT INTO user_info (user_id, username, email, profile_pic, salt, password_hash) VALUES (4, 'ScarlettHall9', 'ScarlettHall9@gmail.com', 'random_file_path', ')$iBBM@L', 'f8cb9f525293b59d5d93225213ba2b87b6b0fbf2abc8a81705e541ff7435a408');
INSERT INTO visits (visit_id, user_id, city_id, review_text, picture, rating, start_date, end_date, time_inputted)
        VALUES (12, 4, 20, 'I thought this place was very terrific!', 'path/to/picture', 2.1, '2023-06-19', '2023-06-22', '2023-06-23 07:30:49');
INSERT INTO visits (visit_id, user_id, city_id, review_text, picture, rating, start_date, end_date, time_inputted)
        VALUES (13, 4, 48, 'I thought this place was very great!', 'path/to/picture', 2.7, '2011-12-07', '2011-12-13', '2011-12-14 21:43:17');
INSERT INTO visits (visit_id, user_id, city_id, review_text, picture, rating, start_date, end_date, time_inputted)
        VALUES (14, 4, 6, 'I thought this place was very glorious!', 'path/to/picture', 9.1, '2001-03-26', '2001-03-29', '2001-03-30 03:24:43');
INSERT INTO user_info (user_id, username, email, profile_pic, salt, password_hash) VALUES (5, 'JamesKelly710', 'JamesKelly710@gmail.com', 'random_file_path', 'S1y+c 9A', 'f4218d8d2168cda9b75620f3b72b504112b6664bc63f39898ad9a295eafedcc4');
INSERT INTO visits (visit_id, user_id, city_id, review_text, picture, rating, start_date, end_date, time_inputted)
        VALUES (15, 5, 54, 'I thought this place was very incredible!', 'path/to/picture', 5.2, '2016-12-29', '2016-12-30', '2016-12-31 15:47:52');
INSERT INTO visits (visit_id, user_id, city_id, review_text, picture, rating, start_date, end_date, time_inputted)
        VALUES (16, 5, 51, 'I thought this place was very phenomenal!', 'path/to/picture', 8.8, '2017-04-23', '2017-04-30', '2017-05-01 16:33:05');
INSERT INTO visits (visit_id, user_id, city_id, review_text, picture, rating, start_date, end_date, time_inputted)
        VALUES (17, 5, 73, 'I thought this place was very phenomenal!', 'path/to/picture', 1.0, '2014-04-28', '2014-05-02', '2014-05-03 08:12:29');
INSERT INTO user_info (user_id, username, email, profile_pic, salt, password_hash) VALUES (6, 'ElizabethPhillips772', 'ElizabethPhillips772@gmail.com', 'random_file_path', '[IHn,pxO', '3d9b9d9704c5611a5626f784c2f053458420729b749df38a8882e61030b83df2');
INSERT INTO visits (visit_id, user_id, city_id, review_text, picture, rating, start_date, end_date, time_inputted)
        VALUES (18, 6, 38, 'I thought this place was very superb!', 'path/to/picture', 9.3, '2018-04-28', '2018-04-28', '2018-04-29 15:39:24');
INSERT INTO visits (visit_id, user_id, city_id, review_text, picture, rating, start_date, end_date, time_inputted)
        VALUES (19, 6, 20, 'I thought this place was very breathtaking!', 'path/to/picture', 8.6, '2008-12-11', '2008-12-17', '2008-12-18 06:28:40');
INSERT INTO user_info (user_id, username, email, profile_pic, salt, password_hash) VALUES (7, 'EmmaEvans169', 'EmmaEvans169@gmail.com', 'random_file_path', 'n7ZG+)Tb', '4bc0a90b7fce5711eb7ac5b962b463a3435dbc2c8cc8e7916b24547c1f335371');
INSERT INTO visits (visit_id, user_id, city_id, review_text, picture, rating, start_date, end_date, time_inputted)
        VALUES (20, 7, 52, 'I thought this place was very incredible!', 'path/to/picture', 4.7, '2016-10-25', '2016-10-27', '2016-10-28 11:42:09');
INSERT INTO visits (visit_id, user_id, city_id, review_text, picture, rating, start_date, end_date, time_inputted)
        VALUES (21, 7, 99, 'I thought this place was very breathtaking!', 'path/to/picture', 4.6, '2003-06-21', '2003-06-22', '2003-06-23 13:57:09');
INSERT INTO user_info (user_id, username, email, profile_pic, salt, password_hash) VALUES (8, 'AdrianRoberts88', 'AdrianRoberts88@gmail.com', 'random_file_path', 'F=b}N*b:', 'ee619939cb19228e5e755cdd36bf367ab4a26f190f9d7eb3592115d1e13aead9');
INSERT INTO visits (visit_id, user_id, city_id, review_text, picture, rating, start_date, end_date, time_inputted)
        VALUES (22, 8, 55, 'I thought this place was very glorious!', 'path/to/picture', 7.2, '2016-10-30', '2016-10-31', '2016-11-01 19:50:07');
INSERT INTO user_info (user_id, username, email, profile_pic, salt, password_hash) VALUES (9, 'BrooklynGray400', 'BrooklynGray400@gmail.com', 'random_file_path', 'ab*&]6U%', 'bcdf4fa77c3b342928ca8284456fea29a91c9cb283ee0599b45912055d8e8ca6');
INSERT INTO visits (visit_id, user_id, city_id, review_text, picture, rating, start_date, end_date, time_inputted)
        VALUES (23, 9, 101, 'I thought this place was very great!', 'path/to/picture', 9.3, '2022-12-12', '2022-12-17', '2022-12-18 06:58:17');
INSERT INTO visits (visit_id, user_id, city_id, review_text, picture, rating, start_date, end_date, time_inputted)
        VALUES (24, 9, 97, 'I thought this place was very mind-boggling!', 'path/to/picture', 8.6, '2022-11-10', '2022-11-15', '2022-11-16 07:50:20');
INSERT INTO visits (visit_id, user_id, city_id, review_text, picture, rating, start_date, end_date, time_inputted)
        VALUES (25, 9, 86, 'I thought this place was very delightful!', 'path/to/picture', 1.8, '2022-09-08', '2022-09-08', '2022-09-09 03:32:09');
INSERT INTO visits (visit_id, user_id, city_id, review_text, picture, rating, start_date, end_date, time_inputted)
        VALUES (26, 9, 61, 'I thought this place was very extraordinary!', 'path/to/picture', 2.2, '2003-10-28', '2003-11-02', '2003-11-03 15:44:49');
INSERT INTO visits (visit_id, user_id, city_id, review_text, picture, rating, start_date, end_date, time_inputted)
        VALUES (27, 9, 112, 'I thought this place was very awesome!', 'path/to/picture', 0.5, '2008-04-09', '2008-04-14', '2008-04-15 18:05:43');
INSERT INTO user_info (user_id, username, email, profile_pic, salt, password_hash) VALUES (10, 'AlexanderJames892', 'AlexanderJames892@gmail.com', 'random_file_path', '_\sO*O/r', '29d83262a05b130681619c763760cdea3103fd4c1e119fc2a8c5df46feedddf1');
INSERT INTO visits (visit_id, user_id, city_id, review_text, picture, rating, start_date, end_date, time_inputted)
        VALUES (28, 10, 28, 'I thought this place was very terrific!', 'path/to/picture', 0.2, '2012-03-30', '2012-04-02', '2012-04-03 07:32:24');
INSERT INTO visits (visit_id, user_id, city_id, review_text, picture, rating, start_date, end_date, time_inputted)
        VALUES (29, 10, 55, 'I thought this place was very mind-boggling!', 'path/to/picture', 6.0, '2005-02-17', '2005-02-17', '2005-02-18 22:52:58');
INSERT INTO user_info (user_id, username, email, profile_pic, salt, password_hash) VALUES (11, 'SebastianGarcia399', 'SebastianGarcia399@gmail.com', 'random_file_path', 'F4ENGXyC', '27c17bd0b4dbaf3bd5837b110ef72e555fb3effb19392718797e579d3d1f006c');
INSERT INTO visits (visit_id, user_id, city_id, review_text, picture, rating, start_date, end_date, time_inputted)
        VALUES (30, 11, 73, 'I thought this place was very wonderful!', 'path/to/picture', 1.1, '2016-12-12', '2016-12-14', '2016-12-15 11:19:33');
INSERT INTO user_info (user_id, username, email, profile_pic, salt, password_hash) VALUES (12, 'KaiMoore992', 'KaiMoore992@gmail.com', 'random_file_path', ';;9aB)c>', '75a24ddb48cfb200f50ec8c223e37a43bd56effadab2961a7e6798fd2711ce46');
INSERT INTO visits (visit_id, user_id, city_id, review_text, picture, rating, start_date, end_date, time_inputted)
        VALUES (31, 12, 34, 'I thought this place was very stunning!', 'path/to/picture', 2.4, '2002-02-05', '2002-02-09', '2002-02-10 20:42:22');
INSERT INTO visits (visit_id, user_id, city_id, review_text, picture, rating, start_date, end_date, time_inputted)
        VALUES (32, 12, 88, 'I thought this place was very memorable!', 'path/to/picture', 8.6, '2020-08-31', '2020-09-02', '2020-09-03 11:43:28');
INSERT INTO visits (visit_id, user_id, city_id, review_text, picture, rating, start_date, end_date, time_inputted)
        VALUES (33, 12, 83, 'I thought this place was very cool!', 'path/to/picture', 2.0, '2001-07-06', '2001-07-06', '2001-07-07 14:21:31');
INSERT INTO visits (visit_id, user_id, city_id, review_text, picture, rating, start_date, end_date, time_inputted)
        VALUES (34, 12, 67, 'I thought this place was very pleasant!', 'path/to/picture', 0.1, '2014-06-09', '2014-06-12', '2014-06-13 09:49:59');
INSERT INTO visits (visit_id, user_id, city_id, review_text, picture, rating, start_date, end_date, time_inputted)
        VALUES (35, 12, 79, 'I thought this place was very wonderful!', 'path/to/picture', 1.4, '2005-12-27', '2006-01-01', '2006-01-02 09:11:53');
INSERT INTO user_info (user_id, username, email, profile_pic, salt, password_hash) VALUES (13, 'ClaireFlores912', 'ClaireFlores912@gmail.com', 'random_file_path', '3){E.Y$B', '1375b9f3b15eda5316a7bdfb0623aff12b6088098bfdea6554cb3290f6caa5d3');
INSERT INTO visits (visit_id, user_id, city_id, review_text, picture, rating, start_date, end_date, time_inputted)
        VALUES (36, 13, 56, 'I thought this place was very fantastic!', 'path/to/picture', 3.8, '2009-01-21', '2009-01-26', '2009-01-27 15:28:37');
INSERT INTO visits (visit_id, user_id, city_id, review_text, picture, rating, start_date, end_date, time_inputted)
        VALUES (37, 13, 59, 'I thought this place was very delightful!', 'path/to/picture', 3.6, '2021-07-31', '2021-08-06', '2021-08-07 09:31:09');
INSERT INTO visits (visit_id, user_id, city_id, review_text, picture, rating, start_date, end_date, time_inputted)
        VALUES (38, 13, 111, 'I thought this place was very mind-bending!', 'path/to/picture', 4.6, '2007-01-01', '2007-01-06', '2007-01-07 14:18:06');
INSERT INTO user_info (user_id, username, email, profile_pic, salt, password_hash) VALUES (14, 'BrycePeterson274', 'BrycePeterson274@gmail.com', 'random_file_path', 'J$-MHNU?', '4ac5e1afef51206b80bba5fbe66a3796193c28f43b0c5a8c97c3bb3c5575fc92');
INSERT INTO visits (visit_id, user_id, city_id, review_text, picture, rating, start_date, end_date, time_inputted)
        VALUES (39, 14, 103, 'I thought this place was very breathtaking!', 'path/to/picture', 6.6, '2015-02-05', '2015-02-12', '2015-02-13 11:25:44');
INSERT INTO user_info (user_id, username, email, profile_pic, salt, password_hash) VALUES (15, 'EmilyWatson261', 'EmilyWatson261@gmail.com', 'random_file_path', 'm(onP(sB', '77fcc908a95c2cf25eb45c890001d4c343c5691528a5552ddeca8fe997379f27');
INSERT INTO visits (visit_id, user_id, city_id, review_text, picture, rating, start_date, end_date, time_inputted)
        VALUES (40, 15, 82, 'I thought this place was very remarkable!', 'path/to/picture', 2.0, '2013-12-30', '2014-01-04', '2014-01-05 16:04:58');
INSERT INTO visits (visit_id, user_id, city_id, review_text, picture, rating, start_date, end_date, time_inputted)
        VALUES (41, 15, 108, 'I thought this place was very stunning!', 'path/to/picture', 9.1, '2022-04-15', '2022-04-21', '2022-04-22 19:13:00');
INSERT INTO visits (visit_id, user_id, city_id, review_text, picture, rating, start_date, end_date, time_inputted)
        VALUES (42, 15, 78, 'I thought this place was very superb!', 'path/to/picture', 3.9, '2009-05-25', '2009-05-29', '2009-05-30 09:42:57');
INSERT INTO visits (visit_id, user_id, city_id, review_text, picture, rating, start_date, end_date, time_inputted)
        VALUES (43, 15, 50, 'I thought this place was very beautiful!', 'path/to/picture', 2.8, '2016-06-02', '2016-06-06', '2016-06-07 09:58:29');
INSERT INTO user_info (user_id, username, email, profile_pic, salt, password_hash) VALUES (16, 'IsaacCarter41', 'IsaacCarter41@gmail.com', 'random_file_path', '}!f!)p$,', '082b5602de809e67470fc148deee7a80611eaff4807a29ad5ec7677bea85e77c');
INSERT INTO visits (visit_id, user_id, city_id, review_text, picture, rating, start_date, end_date, time_inputted)
        VALUES (44, 16, 105, 'I thought this place was very splendid!', 'path/to/picture', 0.3, '2000-08-25', '2000-08-25', '2000-08-26 18:26:42');
INSERT INTO visits (visit_id, user_id, city_id, review_text, picture, rating, start_date, end_date, time_inputted)
        VALUES (45, 16, 74, 'I thought this place was very glorious!', 'path/to/picture', 8.1, '2005-08-10', '2005-08-15', '2005-08-16 18:11:32');
INSERT INTO visits (visit_id, user_id, city_id, review_text, picture, rating, start_date, end_date, time_inputted)
        VALUES (46, 16, 28, 'I thought this place was very fun!', 'path/to/picture', 6.7, '2002-02-03', '2002-02-10', '2002-02-11 23:47:01');
INSERT INTO visits (visit_id, user_id, city_id, review_text, picture, rating, start_date, end_date, time_inputted)
        VALUES (47, 16, 39, 'I thought this place was very unforgettable!', 'path/to/picture', 1.0, '2012-11-07', '2012-11-08', '2012-11-09 17:37:36');
INSERT INTO user_info (user_id, username, email, profile_pic, salt, password_hash) VALUES (17, 'OliviaReyes782', 'OliviaReyes782@gmail.com', 'random_file_path', '*wWfBt0$', '6bfb74fee025f4542525d4810ad216dbf09c52712a9328268588ca3311358b78');
INSERT INTO visits (visit_id, user_id, city_id, review_text, picture, rating, start_date, end_date, time_inputted)
        VALUES (48, 17, 100, 'I thought this place was very mind-bending!', 'path/to/picture', 7.0, '2004-10-17', '2004-10-19', '2004-10-20 15:27:09');
INSERT INTO user_info (user_id, username, email, profile_pic, salt, password_hash) VALUES (18, 'SamanthaReyes504', 'SamanthaReyes504@gmail.com', 'random_file_path', 's3l=[+E:', 'b7574aa59f7bbbbf4f92fc912095349a7c7bdb9bd1b013f05131f623c8d258fa');
INSERT INTO visits (visit_id, user_id, city_id, review_text, picture, rating, start_date, end_date, time_inputted)
        VALUES (49, 18, 25, 'I thought this place was very great!', 'path/to/picture', 5.0, '2019-08-02', '2019-08-04', '2019-08-05 16:03:05');
INSERT INTO visits (visit_id, user_id, city_id, review_text, picture, rating, start_date, end_date, time_inputted)
        VALUES (50, 18, 99, 'I thought this place was very extraordinary!', 'path/to/picture', 6.1, '2004-04-30', '2004-04-30', '2004-05-01 00:58:59');
INSERT INTO visits (visit_id, user_id, city_id, review_text, picture, rating, start_date, end_date, time_inputted)
        VALUES (51, 18, 21, 'I thought this place was very awesome!', 'path/to/picture', 4.8, '2020-06-19', '2020-06-19', '2020-06-20 10:02:31');
INSERT INTO visits (visit_id, user_id, city_id, review_text, picture, rating, start_date, end_date, time_inputted)
        VALUES (52, 18, 105, 'I thought this place was very jaw-dropping!', 'path/to/picture', 1.6, '2003-08-03', '2003-08-07', '2003-08-08 03:50:41');
INSERT INTO user_info (user_id, username, email, profile_pic, salt, password_hash) VALUES (19, 'BenMartinez460', 'BenMartinez460@gmail.com', 'random_file_path', 'XT5;sq1s', '0fe9f545d6b484a14972a7926c3345d93dbcdbe2624e48b8003176706d70fd3d');
INSERT INTO visits (visit_id, user_id, city_id, review_text, picture, rating, start_date, end_date, time_inputted)
        VALUES (53, 19, 88, 'I thought this place was very remarkable!', 'path/to/picture', 2.4, '2005-04-26', '2005-05-01', '2005-05-02 06:16:04');
INSERT INTO visits (visit_id, user_id, city_id, review_text, picture, rating, start_date, end_date, time_inputted)
        VALUES (54, 19, 77, 'I thought this place was very memorable!', 'path/to/picture', 2.2, '2015-11-02', '2015-11-02', '2015-11-03 02:46:26');
INSERT INTO user_info (user_id, username, email, profile_pic, salt, password_hash) VALUES (20, 'NolanAdams558', 'NolanAdams558@gmail.com', 'random_file_path', 'F%Tax6X(', 'ca2116eeb8d15167e1feaaaca531ef4723813079b5ca99cb19f56021d203b645');
INSERT INTO visits (visit_id, user_id, city_id, review_text, picture, rating, start_date, end_date, time_inputted)
        VALUES (55, 20, 43, 'I thought this place was very beautiful!', 'path/to/picture', 7.3, '2022-02-10', '2022-02-17', '2022-02-18 11:49:08');
INSERT INTO visits (visit_id, user_id, city_id, review_text, picture, rating, start_date, end_date, time_inputted)
        VALUES (56, 20, 36, 'I thought this place was very marvelous!', 'path/to/picture', 7.8, '2005-12-22', '2005-12-24', '2005-12-25 02:00:15');
INSERT INTO visits (visit_id, user_id, city_id, review_text, picture, rating, start_date, end_date, time_inputted)
        VALUES (57, 20, 23, 'I thought this place was very fantastic!', 'path/to/picture', 5.2, '2023-11-25', '2023-11-25', '2023-11-26 01:45:23');
INSERT INTO wishlist (user_id, city_id, time_inputted)
            VALUES (1, 102, '2023-10-12 20:06:40');
INSERT INTO wishlist (user_id, city_id, time_inputted)
            VALUES (1, 107, '2021-04-17 15:59:48');
INSERT INTO wishlist (user_id, city_id, time_inputted)
            VALUES (1, 27, '2000-04-05 07:32:05');
INSERT INTO wishlist (user_id, city_id, time_inputted)
            VALUES (1, 53, '2015-04-10 05:51:02');
INSERT INTO wishlist (user_id, city_id, time_inputted)
            VALUES (1, 50, '2001-01-19 04:32:08');
INSERT INTO wishlist (user_id, city_id, time_inputted)
            VALUES (1, 40, '2004-07-28 02:12:09');
INSERT INTO wishlist (user_id, city_id, time_inputted)
            VALUES (1, 108, '2007-02-06 13:41:07');
INSERT INTO wishlist (user_id, city_id, time_inputted)
            VALUES (1, 55, '2021-12-01 03:57:35');
INSERT INTO wishlist (user_id, city_id, time_inputted)
            VALUES (2, 32, '2011-01-03 19:42:38');
INSERT INTO wishlist (user_id, city_id, time_inputted)
            VALUES (2, 103, '2016-11-29 18:41:32');
INSERT INTO wishlist (user_id, city_id, time_inputted)
            VALUES (2, 82, '2001-02-06 05:12:17');
INSERT INTO wishlist (user_id, city_id, time_inputted)
            VALUES (2, 67, '2019-07-22 11:10:47');
INSERT INTO wishlist (user_id, city_id, time_inputted)
            VALUES (2, 11, '2000-12-25 21:29:27');
INSERT INTO wishlist (user_id, city_id, time_inputted)
            VALUES (2, 65, '2016-01-14 21:42:09');
INSERT INTO wishlist (user_id, city_id, time_inputted)
            VALUES (2, 31, '2018-03-07 12:20:29');
INSERT INTO wishlist (user_id, city_id, time_inputted)
            VALUES (2, 42, '2006-06-22 18:37:23');
INSERT INTO wishlist (user_id, city_id, time_inputted)
            VALUES (2, 118, '2013-05-16 07:49:47');
INSERT INTO wishlist (user_id, city_id, time_inputted)
            VALUES (2, 61, '2001-04-12 20:36:54');
INSERT INTO wishlist (user_id, city_id, time_inputted)
            VALUES (3, 73, '2006-10-24 13:08:17');
INSERT INTO wishlist (user_id, city_id, time_inputted)
            VALUES (3, 104, '2010-05-01 17:23:56');
INSERT INTO wishlist (user_id, city_id, time_inputted)
            VALUES (3, 8, '2002-12-05 11:51:31');
INSERT INTO wishlist (user_id, city_id, time_inputted)
            VALUES (3, 23, '2006-10-23 00:51:48');
INSERT INTO wishlist (user_id, city_id, time_inputted)
            VALUES (3, 30, '2005-04-24 19:24:54');
INSERT INTO wishlist (user_id, city_id, time_inputted)
            VALUES (3, 20, '2014-06-19 20:13:07');
INSERT INTO wishlist (user_id, city_id, time_inputted)
            VALUES (3, 57, '2004-12-21 01:39:59');
INSERT INTO wishlist (user_id, city_id, time_inputted)
            VALUES (3, 108, '2004-02-21 03:40:32');
INSERT INTO wishlist (user_id, city_id, time_inputted)
            VALUES (3, 55, '2018-03-07 23:41:45');
INSERT INTO wishlist (user_id, city_id, time_inputted)
            VALUES (4, 50, '2020-04-20 03:50:24');
INSERT INTO wishlist (user_id, city_id, time_inputted)
            VALUES (4, 2, '2023-06-24 08:14:53');
INSERT INTO wishlist (user_id, city_id, time_inputted)
            VALUES (4, 6, '2020-10-29 02:59:56');
INSERT INTO wishlist (user_id, city_id, time_inputted)
            VALUES (4, 29, '2014-11-01 06:37:55');
INSERT INTO wishlist (user_id, city_id, time_inputted)
            VALUES (4, 16, '2008-04-27 06:51:56');
INSERT INTO wishlist (user_id, city_id, time_inputted)
            VALUES (4, 46, '2021-10-24 04:25:39');
INSERT INTO wishlist (user_id, city_id, time_inputted)
            VALUES (4, 81, '2012-04-04 12:20:36');
INSERT INTO wishlist (user_id, city_id, time_inputted)
            VALUES (4, 83, '2007-10-03 18:31:36');
INSERT INTO wishlist (user_id, city_id, time_inputted)
            VALUES (4, 113, '2013-04-05 20:42:17');
INSERT INTO wishlist (user_id, city_id, time_inputted)
            VALUES (4, 95, '2008-06-28 01:08:55');
INSERT INTO wishlist (user_id, city_id, time_inputted)
            VALUES (4, 109, '2016-04-30 06:49:08');
INSERT INTO wishlist (user_id, city_id, time_inputted)
            VALUES (4, 114, '2013-09-05 01:16:30');
INSERT INTO wishlist (user_id, city_id, time_inputted)
            VALUES (4, 102, '2007-02-09 12:05:08');
INSERT INTO wishlist (user_id, city_id, time_inputted)
            VALUES (4, 74, '2021-02-03 20:16:10');
INSERT INTO wishlist (user_id, city_id, time_inputted)
            VALUES (5, 24, '2014-04-10 01:00:17');
INSERT INTO wishlist (user_id, city_id, time_inputted)
            VALUES (5, 45, '2008-04-25 23:17:05');
INSERT INTO wishlist (user_id, city_id, time_inputted)
            VALUES (5, 104, '2021-05-13 12:20:56');
INSERT INTO wishlist (user_id, city_id, time_inputted)
            VALUES (5, 29, '2010-04-29 04:45:47');
INSERT INTO wishlist (user_id, city_id, time_inputted)
            VALUES (5, 56, '2008-07-11 11:14:50');
INSERT INTO wishlist (user_id, city_id, time_inputted)
            VALUES (5, 63, '2010-10-07 00:56:59');
INSERT INTO wishlist (user_id, city_id, time_inputted)
            VALUES (5, 48, '2005-09-05 07:29:32');
INSERT INTO wishlist (user_id, city_id, time_inputted)
            VALUES (5, 12, '2015-08-20 11:05:45');
INSERT INTO wishlist (user_id, city_id, time_inputted)
            VALUES (5, 51, '2011-03-12 11:18:05');
INSERT INTO wishlist (user_id, city_id, time_inputted)
            VALUES (5, 47, '2008-12-18 11:10:29');
INSERT INTO wishlist (user_id, city_id, time_inputted)
            VALUES (5, 1, '2012-03-07 02:33:46');
INSERT INTO wishlist (user_id, city_id, time_inputted)
            VALUES (5, 13, '2014-01-30 02:14:26');
INSERT INTO wishlist (user_id, city_id, time_inputted)
            VALUES (5, 87, '2004-03-10 21:59:43');
INSERT INTO wishlist (user_id, city_id, time_inputted)
            VALUES (5, 21, '2021-08-22 11:49:21');
INSERT INTO wishlist (user_id, city_id, time_inputted)
            VALUES (5, 118, '2005-03-29 11:54:51');
INSERT INTO wishlist (user_id, city_id, time_inputted)
            VALUES (6, 71, '2021-08-18 08:14:30');
INSERT INTO wishlist (user_id, city_id, time_inputted)
            VALUES (6, 26, '2019-02-04 03:08:53');
INSERT INTO wishlist (user_id, city_id, time_inputted)
            VALUES (6, 8, '2012-12-24 12:47:43');
INSERT INTO wishlist (user_id, city_id, time_inputted)
            VALUES (6, 78, '2006-06-27 14:52:38');
INSERT INTO wishlist (user_id, city_id, time_inputted)
            VALUES (6, 56, '2002-05-28 23:00:38');
INSERT INTO wishlist (user_id, city_id, time_inputted)
            VALUES (6, 88, '2003-12-29 02:08:03');
INSERT INTO wishlist (user_id, city_id, time_inputted)
            VALUES (6, 2, '2000-03-14 23:10:31');
INSERT INTO wishlist (user_id, city_id, time_inputted)
            VALUES (6, 99, '2012-07-08 14:47:45');
INSERT INTO wishlist (user_id, city_id, time_inputted)
            VALUES (7, 34, '2019-06-22 13:46:07');
INSERT INTO wishlist (user_id, city_id, time_inputted)
            VALUES (7, 7, '2015-08-22 01:41:20');
INSERT INTO wishlist (user_id, city_id, time_inputted)
            VALUES (7, 86, '2012-04-03 01:54:04');
INSERT INTO wishlist (user_id, city_id, time_inputted)
            VALUES (7, 39, '2010-05-17 19:10:43');
INSERT INTO wishlist (user_id, city_id, time_inputted)
            VALUES (7, 20, '2020-01-01 23:06:17');
INSERT INTO wishlist (user_id, city_id, time_inputted)
            VALUES (7, 52, '2021-09-22 07:28:53');
INSERT INTO wishlist (user_id, city_id, time_inputted)
            VALUES (7, 108, '2017-10-27 23:12:20');
INSERT INTO wishlist (user_id, city_id, time_inputted)
            VALUES (7, 79, '2015-05-16 03:33:59');
INSERT INTO wishlist (user_id, city_id, time_inputted)
            VALUES (8, 80, '2007-06-19 22:35:33');
INSERT INTO wishlist (user_id, city_id, time_inputted)
            VALUES (8, 22, '2000-09-03 22:50:57');
INSERT INTO wishlist (user_id, city_id, time_inputted)
            VALUES (8, 28, '2015-04-11 20:52:38');
INSERT INTO wishlist (user_id, city_id, time_inputted)
            VALUES (8, 34, '2019-05-08 11:36:30');
INSERT INTO wishlist (user_id, city_id, time_inputted)
            VALUES (8, 88, '2011-03-08 01:09:02');
INSERT INTO wishlist (user_id, city_id, time_inputted)
            VALUES (8, 55, '2006-09-23 19:00:56');
INSERT INTO wishlist (user_id, city_id, time_inputted)
            VALUES (8, 42, '2014-12-29 09:38:19');
INSERT INTO wishlist (user_id, city_id, time_inputted)
            VALUES (8, 25, '2006-03-18 12:29:18');
INSERT INTO wishlist (user_id, city_id, time_inputted)
            VALUES (8, 27, '2008-10-31 20:56:05');
INSERT INTO wishlist (user_id, city_id, time_inputted)
            VALUES (8, 109, '2006-07-19 16:19:05');
INSERT INTO wishlist (user_id, city_id, time_inputted)
            VALUES (8, 47, '2020-04-23 05:26:56');
INSERT INTO wishlist (user_id, city_id, time_inputted)
            VALUES (8, 73, '2002-10-26 01:47:59');
INSERT INTO wishlist (user_id, city_id, time_inputted)
            VALUES (8, 14, '2014-05-09 15:51:37');
INSERT INTO wishlist (user_id, city_id, time_inputted)
            VALUES (9, 104, '2013-05-25 08:29:10');
INSERT INTO wishlist (user_id, city_id, time_inputted)
            VALUES (9, 27, '2012-07-31 16:18:25');
INSERT INTO wishlist (user_id, city_id, time_inputted)
            VALUES (9, 59, '2011-08-04 23:25:21');
INSERT INTO wishlist (user_id, city_id, time_inputted)
            VALUES (9, 112, '2021-06-06 04:47:18');
INSERT INTO wishlist (user_id, city_id, time_inputted)
            VALUES (9, 16, '2009-06-09 15:07:58');
INSERT INTO wishlist (user_id, city_id, time_inputted)
            VALUES (9, 21, '2006-01-30 07:32:11');
INSERT INTO wishlist (user_id, city_id, time_inputted)
            VALUES (9, 57, '2008-03-11 16:03:01');
INSERT INTO wishlist (user_id, city_id, time_inputted)
            VALUES (9, 89, '2011-09-22 00:02:07');
INSERT INTO wishlist (user_id, city_id, time_inputted)
            VALUES (9, 65, '2003-08-15 02:28:34');
INSERT INTO wishlist (user_id, city_id, time_inputted)
            VALUES (9, 35, '2005-09-23 05:49:59');
INSERT INTO wishlist (user_id, city_id, time_inputted)
            VALUES (9, 87, '2008-02-19 05:45:51');
INSERT INTO wishlist (user_id, city_id, time_inputted)
            VALUES (9, 67, '2002-12-04 11:41:56');
INSERT INTO wishlist (user_id, city_id, time_inputted)
            VALUES (9, 107, '2014-02-17 03:22:11');
INSERT INTO wishlist (user_id, city_id, time_inputted)
            VALUES (9, 14, '2023-09-28 15:54:31');
INSERT INTO wishlist (user_id, city_id, time_inputted)
            VALUES (9, 60, '2014-07-23 07:13:12');
INSERT INTO wishlist (user_id, city_id, time_inputted)
            VALUES (10, 58, '2013-11-24 14:52:37');
INSERT INTO wishlist (user_id, city_id, time_inputted)
            VALUES (10, 103, '2015-11-19 19:33:42');
INSERT INTO wishlist (user_id, city_id, time_inputted)
            VALUES (10, 4, '2024-12-05 18:14:28');
INSERT INTO wishlist (user_id, city_id, time_inputted)
            VALUES (10, 61, '2012-08-07 22:19:19');
INSERT INTO wishlist (user_id, city_id, time_inputted)
            VALUES (10, 41, '2014-06-22 16:09:34');
INSERT INTO wishlist (user_id, city_id, time_inputted)
            VALUES (10, 115, '2018-02-05 07:25:11');
INSERT INTO wishlist (user_id, city_id, time_inputted)
            VALUES (11, 98, '2000-04-29 11:21:46');
INSERT INTO wishlist (user_id, city_id, time_inputted)
            VALUES (11, 104, '2010-08-06 05:38:57');
INSERT INTO wishlist (user_id, city_id, time_inputted)
            VALUES (11, 83, '2022-08-17 20:42:43');
INSERT INTO wishlist (user_id, city_id, time_inputted)
            VALUES (11, 37, '2001-04-17 00:23:21');
INSERT INTO wishlist (user_id, city_id, time_inputted)
            VALUES (11, 82, '2002-06-26 16:29:01');
INSERT INTO wishlist (user_id, city_id, time_inputted)
            VALUES (11, 47, '2018-01-25 06:53:17');
INSERT INTO wishlist (user_id, city_id, time_inputted)
            VALUES (12, 49, '2020-10-05 07:54:37');
INSERT INTO wishlist (user_id, city_id, time_inputted)
            VALUES (12, 63, '2018-08-12 17:36:52');
INSERT INTO wishlist (user_id, city_id, time_inputted)
            VALUES (12, 38, '2005-01-05 05:37:14');
INSERT INTO wishlist (user_id, city_id, time_inputted)
            VALUES (12, 60, '2024-10-31 15:27:42');
INSERT INTO wishlist (user_id, city_id, time_inputted)
            VALUES (12, 4, '2019-11-25 22:52:18');
INSERT INTO wishlist (user_id, city_id, time_inputted)
            VALUES (12, 100, '2014-07-02 01:41:24');
INSERT INTO wishlist (user_id, city_id, time_inputted)
            VALUES (12, 71, '2022-08-14 17:21:15');
INSERT INTO wishlist (user_id, city_id, time_inputted)
            VALUES (12, 86, '2000-09-24 09:56:48');
INSERT INTO wishlist (user_id, city_id, time_inputted)
            VALUES (12, 98, '2010-08-24 09:13:44');
INSERT INTO wishlist (user_id, city_id, time_inputted)
            VALUES (12, 7, '2008-07-11 21:55:02');
INSERT INTO wishlist (user_id, city_id, time_inputted)
            VALUES (12, 67, '2024-06-16 11:58:05');
INSERT INTO wishlist (user_id, city_id, time_inputted)
            VALUES (12, 21, '2004-04-06 10:39:54');
INSERT INTO wishlist (user_id, city_id, time_inputted)
            VALUES (12, 51, '2014-09-28 16:58:52');
INSERT INTO wishlist (user_id, city_id, time_inputted)
            VALUES (13, 111, '2012-10-14 20:26:28');
INSERT INTO wishlist (user_id, city_id, time_inputted)
            VALUES (13, 5, '2018-03-08 08:04:39');
INSERT INTO wishlist (user_id, city_id, time_inputted)
            VALUES (13, 108, '2014-12-30 16:08:19');
INSERT INTO wishlist (user_id, city_id, time_inputted)
            VALUES (13, 6, '2023-11-01 17:12:50');
INSERT INTO wishlist (user_id, city_id, time_inputted)
            VALUES (13, 84, '2001-06-18 00:17:16');
INSERT INTO wishlist (user_id, city_id, time_inputted)
            VALUES (13, 100, '2024-02-01 12:43:49');
INSERT INTO wishlist (user_id, city_id, time_inputted)
            VALUES (13, 115, '2002-05-23 18:25:08');
INSERT INTO wishlist (user_id, city_id, time_inputted)
            VALUES (13, 90, '2017-07-15 22:06:49');
INSERT INTO wishlist (user_id, city_id, time_inputted)
            VALUES (13, 24, '2014-02-04 06:21:08');
INSERT INTO wishlist (user_id, city_id, time_inputted)
            VALUES (13, 27, '2004-11-07 20:11:36');
INSERT INTO wishlist (user_id, city_id, time_inputted)
            VALUES (14, 41, '2008-07-18 17:41:29');
INSERT INTO wishlist (user_id, city_id, time_inputted)
            VALUES (14, 98, '2024-01-27 00:53:19');
INSERT INTO wishlist (user_id, city_id, time_inputted)
            VALUES (14, 36, '2020-06-04 14:02:07');
INSERT INTO wishlist (user_id, city_id, time_inputted)
            VALUES (14, 97, '2002-02-17 11:03:58');
INSERT INTO wishlist (user_id, city_id, time_inputted)
            VALUES (14, 9, '2023-06-12 04:35:15');
INSERT INTO wishlist (user_id, city_id, time_inputted)
            VALUES (14, 88, '2002-11-15 02:26:16');
INSERT INTO wishlist (user_id, city_id, time_inputted)
            VALUES (14, 46, '2014-09-04 14:07:37');
INSERT INTO wishlist (user_id, city_id, time_inputted)
            VALUES (14, 73, '2010-04-29 05:29:31');
INSERT INTO wishlist (user_id, city_id, time_inputted)
            VALUES (14, 49, '2001-02-22 22:43:07');
INSERT INTO wishlist (user_id, city_id, time_inputted)
            VALUES (15, 51, '2014-11-21 22:34:33');
INSERT INTO wishlist (user_id, city_id, time_inputted)
            VALUES (15, 52, '2022-09-14 18:44:08');
INSERT INTO wishlist (user_id, city_id, time_inputted)
            VALUES (15, 24, '2016-05-27 13:20:44');
INSERT INTO wishlist (user_id, city_id, time_inputted)
            VALUES (15, 29, '2018-04-13 03:05:21');
INSERT INTO wishlist (user_id, city_id, time_inputted)
            VALUES (15, 17, '2003-08-17 12:49:31');
INSERT INTO wishlist (user_id, city_id, time_inputted)
            VALUES (15, 32, '2012-06-16 18:05:25');
INSERT INTO wishlist (user_id, city_id, time_inputted)
            VALUES (15, 49, '2005-12-31 01:22:40');
INSERT INTO wishlist (user_id, city_id, time_inputted)
            VALUES (15, 106, '2023-07-24 04:42:09');
INSERT INTO wishlist (user_id, city_id, time_inputted)
            VALUES (15, 69, '2014-06-24 06:42:49');
INSERT INTO wishlist (user_id, city_id, time_inputted)
            VALUES (15, 41, '2020-09-29 13:03:05');
INSERT INTO wishlist (user_id, city_id, time_inputted)
            VALUES (15, 5, '2008-01-27 06:06:54');
INSERT INTO wishlist (user_id, city_id, time_inputted)
            VALUES (15, 82, '2005-06-27 02:59:18');
INSERT INTO wishlist (user_id, city_id, time_inputted)
            VALUES (16, 56, '2024-08-12 12:12:47');
INSERT INTO wishlist (user_id, city_id, time_inputted)
            VALUES (16, 91, '2024-08-20 03:53:50');
INSERT INTO wishlist (user_id, city_id, time_inputted)
            VALUES (16, 22, '2016-03-22 17:41:40');
INSERT INTO wishlist (user_id, city_id, time_inputted)
            VALUES (16, 51, '2010-08-23 07:30:17');
INSERT INTO wishlist (user_id, city_id, time_inputted)
            VALUES (16, 118, '2008-10-01 23:09:29');
INSERT INTO wishlist (user_id, city_id, time_inputted)
            VALUES (17, 41, '2016-11-04 08:21:39');
INSERT INTO wishlist (user_id, city_id, time_inputted)
            VALUES (17, 88, '2006-11-13 03:25:50');
INSERT INTO wishlist (user_id, city_id, time_inputted)
            VALUES (17, 77, '2006-12-16 14:01:01');
INSERT INTO wishlist (user_id, city_id, time_inputted)
            VALUES (17, 40, '2015-03-24 00:24:31');
INSERT INTO wishlist (user_id, city_id, time_inputted)
            VALUES (17, 37, '2004-01-03 01:45:44');
INSERT INTO wishlist (user_id, city_id, time_inputted)
            VALUES (17, 115, '2024-07-09 01:39:08');
INSERT INTO wishlist (user_id, city_id, time_inputted)
            VALUES (18, 37, '2020-08-15 10:34:31');
INSERT INTO wishlist (user_id, city_id, time_inputted)
            VALUES (18, 63, '2013-06-08 05:51:20');
INSERT INTO wishlist (user_id, city_id, time_inputted)
            VALUES (18, 117, '2006-10-01 16:58:10');
INSERT INTO wishlist (user_id, city_id, time_inputted)
            VALUES (18, 64, '2004-02-29 19:28:21');
INSERT INTO wishlist (user_id, city_id, time_inputted)
            VALUES (18, 71, '2022-05-08 08:18:27');
INSERT INTO wishlist (user_id, city_id, time_inputted)
            VALUES (18, 80, '2021-05-13 00:47:08');
INSERT INTO wishlist (user_id, city_id, time_inputted)
            VALUES (18, 87, '2015-01-01 08:23:04');
INSERT INTO wishlist (user_id, city_id, time_inputted)
            VALUES (18, 72, '2020-08-29 10:28:44');
INSERT INTO wishlist (user_id, city_id, time_inputted)
            VALUES (18, 36, '2001-09-04 10:22:22');
INSERT INTO wishlist (user_id, city_id, time_inputted)
            VALUES (18, 81, '2003-09-11 04:59:53');
INSERT INTO wishlist (user_id, city_id, time_inputted)
            VALUES (18, 99, '2009-05-13 17:03:45');
INSERT INTO wishlist (user_id, city_id, time_inputted)
            VALUES (19, 96, '2009-03-17 07:22:19');
INSERT INTO wishlist (user_id, city_id, time_inputted)
            VALUES (19, 25, '2002-12-09 12:57:46');
INSERT INTO wishlist (user_id, city_id, time_inputted)
            VALUES (19, 34, '2011-09-29 13:39:43');
INSERT INTO wishlist (user_id, city_id, time_inputted)
            VALUES (19, 14, '2006-08-22 12:27:23');
INSERT INTO wishlist (user_id, city_id, time_inputted)
            VALUES (19, 118, '2013-12-20 18:44:05');
INSERT INTO wishlist (user_id, city_id, time_inputted)
            VALUES (19, 108, '2004-08-19 03:43:10');
INSERT INTO wishlist (user_id, city_id, time_inputted)
            VALUES (19, 97, '2021-02-07 09:59:20');
INSERT INTO wishlist (user_id, city_id, time_inputted)
            VALUES (19, 64, '2002-12-17 11:38:49');
INSERT INTO wishlist (user_id, city_id, time_inputted)
            VALUES (19, 113, '2014-10-01 09:10:46');
INSERT INTO wishlist (user_id, city_id, time_inputted)
            VALUES (20, 107, '2013-06-06 00:28:20');
INSERT INTO wishlist (user_id, city_id, time_inputted)
            VALUES (20, 112, '2011-04-25 18:26:10');
INSERT INTO wishlist (user_id, city_id, time_inputted)
            VALUES (20, 5, '2019-10-03 06:52:14');
INSERT INTO wishlist (user_id, city_id, time_inputted)
            VALUES (20, 33, '2021-06-19 08:31:02');
INSERT INTO wishlist (user_id, city_id, time_inputted)
            VALUES (20, 115, '2016-11-12 10:23:27');
INSERT INTO wishlist (user_id, city_id, time_inputted)
            VALUES (20, 83, '2009-02-05 14:56:37');
INSERT INTO wishlist (user_id, city_id, time_inputted)
            VALUES (20, 49, '2018-06-25 09:11:47');
INSERT INTO wishlist (user_id, city_id, time_inputted)
            VALUES (20, 88, '2006-03-12 16:11:11');
INSERT INTO wishlist (user_id, city_id, time_inputted)
            VALUES (20, 61, '2008-02-18 17:29:08');
INSERT INTO wishlist (user_id, city_id, time_inputted)
            VALUES (20, 31, '2020-06-10 18:59:32');
INSERT INTO wishlist (user_id, city_id, time_inputted)
            VALUES (20, 8, '2011-01-01 17:19:25');
INSERT INTO wishlist (user_id, city_id, time_inputted)
            VALUES (20, 44, '2019-05-28 07:30:08');
INSERT INTO wishlist (user_id, city_id, time_inputted)
            VALUES (20, 21, '2004-11-20 00:26:44');
